nom_amenageur,siren_amenageur,contact_amenageur,nom_operateur,contact_operateur,telephone_operateur,nom_enseigne,id_station_itinerance,id_station_local,nom_station,implantation_station,adresse_station,code_insee_commune,coordonneesXY,nbre_pdc,id_pdc_itinerance,id_pdc_local,puissance_nominale,prise_type_ef,prise_type_2,prise_type_combo_ccs,prise_type_chademo,prise_type_autre,gratuit,paiement_acte,paiement_cb,paiement_autre,tarification,condition_acces,reservation,horaires,accessibilite_pmr,restriction_gabarit,station_deux_roues,raccordement,num_pdl,date_mise_en_service,observations,date_maj,cable_t2_attache,last_modified,datagouv_dataset_id,datagouv_resource_id,datagouv_organization_or_owner,created_at,consolidated_longitude,consolidated_latitude,consolidated_code_postal,consolidated_commune,consolidated_is_lon_lat_correct,consolidated_is_code_insee_verified
Hôtel Restaurant Campanile Nogent-sur-Marne,349009423,manager.nogentsurmarne@campanile.fr,ELECTROMAPS,oscar@electromaps.com,34 931.574.967,Hôtel Restaurant Campanile Nogent-sur-Marne,FR000012292701,02af2893-256f-4124-8d58-c728dc38f720,Hôtel Restaurant Campanile Nogent-sur-Marne,Parking privé à usage public,13 Quai du Port 94130 Nogent-sur-Marne France,94052,"[2.493569567590577, 48.832677935169805]",2,FR000012292701,02af2893-256f-4124-8d58-c728dc38f720,22,FALSE,TRUE,FALSE,FALSE,FALSE,TRUE,TRUE,FALSE,TRUE,0,Accès libre,FALSE,"Mo-Fr 08:00-12:00,Mo-Fr 14:00-18:00,Th 08:00-18:00",Accessible mais non réservé PMR,/,FALSE,Direct,02af2893-256f-4124-8d58-c728dc38f720,2022-02-22,PAIEMENT PAR QR CODE possible ,2022-05-12,,2023-12-13T07:09:30.315000+00:00,62c2eb96061d02ac89251592,decebb5f-b26b-4498-8550-552269b43fb5,maneo,2022-07-04T15:31:02.580000+00:00,2.493569567590577,48.832677935169805,94130,Nogent-sur-Marne,True,True
Acelec,301192464,acelec@acelec-france.com,Acelec Charge,acelec@acelec-france.com,01 81 73 03 50,HOTEL KYRIAD PARIS BEZONS,FR073PKYRIADBEZONS,,HOTEL KYRIAD PARIS BEZONS,Parking privé à usage public,80 Av. Gabriel Péri 95870 BEZONS,95063,"[2.212336,48.931356]",1,FR073EJJYD51230,FR073EKYRIADBEZONS1,22,true,true,false,false,false,false,true,true,true,,Accès libre,false,Mo-Fr 08:00-19:01,Accessible mais non réservé PMR,pas de restrictions,false,Indirect,30002100000000,2022-05-31,"Recharge uniquement pendent les heures d'ouverture. Recharge pas QRcode, RFID....",2022-07-21,,2023-12-13T07:03:01.805000+00:00,6206751195a42c8cc3c1c5fa,70dde2a8-8498-4c8a-a28a-6e23631be45f,acelec-charge,2022-07-21T14:36:25.038000+00:00,2.212336,48.931356,95870,Bezons,True,True
Acelec,301192464,acelec@acelec-france.com,Acelec Charge,acelec@acelec-france.com,01 81 73 03 50,Acelec,FR073P777022,,Parking Acelec,Parking privé à usage public,"3 avenue irene joliot curie, 77700 Bailly-romainvilliers",77018,"[2.798854,48.841032]",2,FR073ERJ5G5279,FR073E77700221,22,false,true,false,false,false,false,true,true,true,0.27€/kWh+0.10€/min pour les non abonnées,Accès libre,false,Mo-Fr 08:00-19:00,Accessible mais non réservé PMR,pas de restrictions,false,Indirect,50088800000000,2022-04-30,"Recharge uniquement pendent les heures d'ouverture. Recharge pas QRcode, RFID....",2022-07-21,,2023-12-13T07:03:01.805000+00:00,6206751195a42c8cc3c1c5fa,70dde2a8-8498-4c8a-a28a-6e23631be45f,acelec-charge,2022-07-21T14:36:25.038000+00:00,2.798854,48.841032,77700,Bailly-Romainvilliers,True,True
Acelec,301192464,acelec@acelec-france.com,Acelec Charge,acelec@acelec-france.com,01 81 73 03 50,HOTEL KYRIAD PARIS BEZONS,FR073PKYRIADBEZONS,,HOTEL KYRIAD PARIS BEZONS,Parking privé à usage public,80 Av. Gabriel Péri 95870 BEZONS,95063,"[2.212311,48.931373]",1,FR073ERR6V51366,FR073EKYRIADBEZONS2,22,false,true,false,false,false,false,true,true,true,,Accès libre,false,Mo-Fr 08:00-19:01,Accessible mais non réservé PMR,pas de restrictions,false,Indirect,30002100000000,2022-05-31,"Recharge uniquement pendent les heures d'ouverture. Recharge pas QRcode, RFID....",2022-07-21,,2023-12-13T07:03:01.805000+00:00,6206751195a42c8cc3c1c5fa,70dde2a8-8498-4c8a-a28a-6e23631be45f,acelec-charge,2022-07-21T14:36:25.038000+00:00,2.212311,48.931373,95870,Bezons,True,True
Acelec,301192464,acelec@acelec-france.com,Acelec Charge,acelec@acelec-france.com,01 81 73 03 50,Camaïeu France,FR073PCAMAIEUFR,,CAMAÏEU FRANCE,Parking privé à usage public,211 Av. Jules Brame  59100 Roubaix,59512,"[3.207246,50.68494]",1,FR073EYLF65474,FR073ECAMAIEUFR8,22,false,true,false,false,false,false,true,true,true,0.299€/kWh+0.0230€/min pour les recharge en roaming,Accès libre,false,Mo-Su 08:00-08:00,Accessible mais non réservé PMR,pas de restrictions,false,Indirect,30000110910030,2022-07-12,"Recharge uniquement pendent les heures d'ouverture. Recharge pas QRcode, RFID....",2022-07-21,,2023-12-13T07:03:01.805000+00:00,6206751195a42c8cc3c1c5fa,70dde2a8-8498-4c8a-a28a-6e23631be45f,acelec-charge,2022-07-21T14:36:25.038000+00:00,3.207246,50.68494,59100,Roubaix,True,True
LE ROUX LOISIRS,453386120,tech@domainedependruc.com,freshmile,gregoire.schaffhauser@freshmile.com,368781435,reseau A,FR1EKAFD1,5b9d993c-4996-4fba-b010-3c9b58a8f8a4,camping pendruc Tregunc,Parking privé à usage public,camping pendruc 29910 TREGUNC,29293,"[-3.88,47.84]",2,FR1EKAFD1,c1f7b1dc-1f4c-4911-b0d0-7f2d771c77bd,7,true,true,false,false,false,false,true,true,false,0.40 kw/h,Accès libre,false,24/7,Accessible mais non réservé PMR,hauteur max 2 m,true,Indirect,neant,2023-07-01,neant,2023-07-01,false,2023-08-28T16:42:37.519000+00:00,64ecb25d033869ae1c73e38a,4893d000-9219-409a-a759-69dc8008584c,rsb-zni-non-parking-camping-supervision-non,2023-08-28T14:42:37.572000+00:00,-3.88,47.84,29910,Trégunc,True,True
R3,902726488,info@r3-charge.fr,R3,exploitation@r3-charge.fr,321509292,R3,FR3R3P89251522,,R3 - Norauto Fâches Thumesnil,Parking privé à usage public,Centre commercial Auchan Rue de l'égalité prolongée  59155 Faches Thumesnil,59220,"[3.08386, 50.58572]",5,FR3R3E10000849141,,150,false,false,true,false,false,false,true,true,,"0,55€/kWh",Accès libre,false,24/7,Accessible mais non réservé PMR,,false,Direct,50029756672465,2022-12-01,,2023-11-22,false,2023-12-13T07:08:00.298000+00:00,655c7fb899abb26d52bcdfa0,142f6ac7-5cb4-4fac-b211-2c5d88a22d83,r3,2023-11-22T13:59:50.594000+00:00,3.08386,50.58572,59155,Faches-Thumesnil,True,True
R3,902726488,info@r3-charge.fr,R3,exploitation@r3-charge.fr,321509292,R3,FR3R3P89258268,,R3 - Norauto Noyelles Godault,Parking privé à usage public,Avenue de la République 62950 Noyelles-Godault,62624,"[2.988355, 50.413551]",5,FR3R3E10000849151,,150,false,false,true,false,false,false,true,true,,"0,55€/kWh",Accès libre,false,24/7,Accessible mais non réservé PMR,,false,Direct,50022807040251,2023-01-11,,2023-11-22,false,2023-12-13T07:08:00.298000+00:00,655c7fb899abb26d52bcdfa0,142f6ac7-5cb4-4fac-b211-2c5d88a22d83,r3,2023-11-22T13:59:50.594000+00:00,2.988355,50.413551,62950,Noyelles-Godault,True,True
R3,902726488,info@r3-charge.fr,R3,exploitation@r3-charge.fr,321509292,R3,FR3R3P89258297,,R3 - Norauto Reims Cormontreuil,Parking privé à usage public,Rue des Blancs Monts 51350 Cormontreuil,51172,"[4.055979, 49.213929]",5,FR3R3E10000849171,,150,false,false,true,false,false,false,true,true,,"0,55€/kWh",Accès libre,false,24/7,Accessible mais non réservé PMR,,false,Direct,50067232997580,2022-11-22,,2023-11-22,false,2023-12-13T07:08:00.298000+00:00,655c7fb899abb26d52bcdfa0,142f6ac7-5cb4-4fac-b211-2c5d88a22d83,r3,2023-11-22T13:59:50.594000+00:00,4.055979,49.213929,51350,Cormontreuil,True,True
R3,902726488,info@r3-charge.fr,R3,exploitation@r3-charge.fr,321509292,R3,FR3R3P89258302,,R3 - Norauto Roncq,Parking privé à usage public,"324 Rue Henri Barbusse, 59223 Roncq",59508,"[3.133115, 50.740027]",5,FR3R3E10000849191,,150,false,false,true,false,false,false,true,true,,"0,55€/kWh",Accès libre,false,24/7,Accessible mais non réservé PMR,,false,Direct,50065498800757,2023-03-03,,2023-11-22,false,2023-12-13T07:08:00.298000+00:00,655c7fb899abb26d52bcdfa0,142f6ac7-5cb4-4fac-b211-2c5d88a22d83,r3,2023-11-22T13:59:50.594000+00:00,3.133115,50.740027,59223,Roncq,True,True
R3,902726488,info@r3-charge.fr,R3,exploitation@r3-charge.fr,321509292,R3,FR3R3P89258309,,R3 - Norauto Saint Martin Boulogne,Parking privé à usage public,N42  62222 Saint-Martin-Boulogne,62758,"[1.666764, 50.730562]",5,FR3R3E10000849211,,150,false,false,true,false,false,false,true,true,,"0,55€/kWh",Accès libre,false,24/7,Accessible mais non réservé PMR,,false,Direct,50059131209109,2022-11-24,,2023-11-22,false,2023-12-13T07:08:00.298000+00:00,655c7fb899abb26d52bcdfa0,142f6ac7-5cb4-4fac-b211-2c5d88a22d83,r3,2023-11-22T13:59:50.594000+00:00,1.666764,50.730562,62280,Saint-Martin-Boulogne,True,True
R3,902726488,info@r3-charge.fr,R3,exploitation@r3-charge.fr,321509292,R3,FR3R3P89283499,,R3 - Norauto Englos,Parking privé à usage public,"Les Geants, Centre Commercial Auchan Englos, 59320 Haubourdin",59286,"[2.965283, 50.63337]",5,FR3R3E10000849241,,150,false,false,true,false,false,false,true,true,,"0,55€/kWh",Accès libre,false,24/7,Accessible mais non réservé PMR,,false,Direct,50085180416134,2022-12-02,,2023-11-22,false,2023-12-13T07:08:00.298000+00:00,655c7fb899abb26d52bcdfa0,142f6ac7-5cb4-4fac-b211-2c5d88a22d83,r3,2023-11-22T13:59:50.594000+00:00,2.965283,50.63337,59320,Haubourdin,False,True
R3,902726488,info@r3-charge.fr,R3,exploitation@r3-charge.fr,321509292,R3,FR3R3P89283501,,R3 - Norauto Beauvais,Parking privé à usage public,Zac Saint Lazare Avenue Montaigne 60000 Beauvais,60057,"[2.11163, 49.4094]",5,FR3R3E10000849261,,150,false,false,true,false,false,false,true,true,,"0,55€/kWh",Accès libre,false,24/7,Accessible mais non réservé PMR,,false,Direct,50098638513895,2023-02-15,,2023-11-22,false,2023-12-13T07:08:00.298000+00:00,655c7fb899abb26d52bcdfa0,142f6ac7-5cb4-4fac-b211-2c5d88a22d83,r3,2023-11-22T13:59:50.594000+00:00,2.11163,49.4094,60000,Beauvais,True,True
R3,902726488,info@r3-charge.fr,R3,exploitation@r3-charge.fr,321509292,R3,FR3R3P89283510,,R3 - Norauto Petite Forêt,Parking privé à usage public,"Ccial Auchan, Rue Evariste Galois 59494 Petite-Forêt",59459,"[3.478509, 50.381036]",5,FR3R3E10000849301,,150,false,false,true,false,false,false,true,true,,"0,55€/kWh",Accès libre,false,24/7,Accessible mais non réservé PMR,,false,Direct,50060144246409,2022-12-02,,2023-11-22,false,2023-12-13T07:08:00.298000+00:00,655c7fb899abb26d52bcdfa0,142f6ac7-5cb4-4fac-b211-2c5d88a22d83,r3,2023-11-22T13:59:50.594000+00:00,3.478509,50.381036,59494,Petite-Forêt,True,True
R3,902726488,info@r3-charge.fr,R3,exploitation@r3-charge.fr,321509292,R3,FR3R3P89283514,,R3 - Norauto Arras,Parking privé à usage public,Route De St Pol 62000 arras,62041,"[2.702759, 50.308256]",5,FR3R3E10000849311,,150,false,false,true,false,false,false,true,true,,"0,55€/kWh",Accès libre,false,24/7,Accessible mais non réservé PMR,,false,Direct,50039160160941,2022-12-15,,2023-11-22,false,2023-12-13T07:08:00.298000+00:00,655c7fb899abb26d52bcdfa0,142f6ac7-5cb4-4fac-b211-2c5d88a22d83,r3,2023-11-22T13:59:50.594000+00:00,2.702759,50.308256,62000,Arras,False,True
R3,902726488,info@r3-charge.fr,R3,exploitation@r3-charge.fr,321509292,R3,FR3R3P89283515,,R3 - Norauto Leers,Parking privé à usage public,121 Av. de l'Europe 59115 Leers,59339,"[3.222288, 50.68201]",5,FR3R3E10000849331,,150,false,false,true,false,false,false,true,true,,"0,55€/kWh",Accès libre,false,24/7,Accessible mais non réservé PMR,,false,Direct,50091258569918,2022-12-02,,2023-11-22,false,2023-12-13T07:08:00.298000+00:00,655c7fb899abb26d52bcdfa0,142f6ac7-5cb4-4fac-b211-2c5d88a22d83,r3,2023-11-22T13:59:50.594000+00:00,3.222288,50.68201,59115,Leers,True,True
R3,902726488,info@r3-charge.fr,R3,exploitation@r3-charge.fr,321509292,R3,FR3R3P89283516,,R3 - Norauto Liévin,Parking privé à usage public,Rue Bernard Chochoy 62800 Liévin,62510,"[2.77271, 50.422518]",5,FR3R3E10000849351,,150,false,false,true,false,false,false,true,true,,"0,55€/kWh",Accès libre,false,24/7,Accessible mais non réservé PMR,,false,Direct,50050882306892,2022-12-15,,2023-11-22,false,2023-12-13T07:08:00.298000+00:00,655c7fb899abb26d52bcdfa0,142f6ac7-5cb4-4fac-b211-2c5d88a22d83,r3,2023-11-22T13:59:50.594000+00:00,2.77271,50.422518,62800,Liévin,True,True
R3,902726488,info@r3-charge.fr,R3,exploitation@r3-charge.fr,321509292,R3,FR3R3P89333935,,R3 - Norauto Berck,Parking privé à usage public,Centre Commercial Carrefour 62600 Berck,62108,"[1.602383, 50.405159]",5,FR3R3E10000849371,,150,false,false,true,false,false,false,true,true,,"0,55€/kWh",Accès libre,false,24/7,Accessible mais non réservé PMR,,false,Direct,50057539321267,2023-02-14,,2023-11-22,false,2023-12-13T07:08:00.298000+00:00,655c7fb899abb26d52bcdfa0,142f6ac7-5cb4-4fac-b211-2c5d88a22d83,r3,2023-11-22T13:59:50.594000+00:00,1.602383,50.405159,62600,Berck,True,True
R3,902726488,info@r3-charge.fr,R3,exploitation@r3-charge.fr,321509292,R3,FR3R3P89363751,,R3 - Norauto Nancy Laxou,Parking privé à usage public,"Rue de la Sapinière, 54520 Laxou",54304,"[6.12795, 48.693561]",5,FR3R3E10000849391,,150,false,false,true,false,false,false,true,true,,"0,55€/kWh",Accès libre,false,24/7,Accessible mais non réservé PMR,,false,Direct,50058695352456,2023-05-04,,2023-11-22,false,2023-12-13T07:08:00.298000+00:00,655c7fb899abb26d52bcdfa0,142f6ac7-5cb4-4fac-b211-2c5d88a22d83,r3,2023-11-22T13:59:50.594000+00:00,6.12795,48.693561,54520,Laxou,True,True
R3,902726488,info@r3-charge.fr,R3,exploitation@r3-charge.fr,321509292,R3,FR3R3P89363752,,R3 - Norauto Metz Semecourt,Parking privé à usage public,"Voie Romaine,  57280 Semécourt",57645,"[6.143853, 49.19134]",5,FR3R3E10000849421,,150,false,false,true,false,false,false,true,true,,"0,55€/kWh",Accès libre,false,24/7,Accessible mais non réservé PMR,,false,Direct,72631554700050,2023-05-10,,2023-11-22,false,2023-12-13T07:08:00.298000+00:00,655c7fb899abb26d52bcdfa0,142f6ac7-5cb4-4fac-b211-2c5d88a22d83,r3,2023-11-22T13:59:50.594000+00:00,6.143853,49.19134,57280,Semécourt,True,True
R3,902726488,info@r3-charge.fr,R3,exploitation@r3-charge.fr,321509292,R3,FR3R3P89363753,,R3 - Norauto Metz Augny,Parking privé à usage public,"ZAC DES GRAVIERES, 57685 Augny",57039,"[6.109315, 49.081079]",5,FR3R3E10000849441,,150,false,false,true,false,false,false,true,true,,"0,55€/kWh",Accès libre,false,24/7,Accessible mais non réservé PMR,,false,Direct,72631265300001,2023-04-05,,2023-11-22,false,2023-12-13T07:08:00.298000+00:00,655c7fb899abb26d52bcdfa0,142f6ac7-5cb4-4fac-b211-2c5d88a22d83,r3,2023-11-22T13:59:50.594000+00:00,6.109315,49.081079,57685,Augny,True,True
R3,902726488,info@r3-charge.fr,R3,exploitation@r3-charge.fr,321509292,R3,FR3R3P89333939,,R3 - Norauto Reims Neuvilette,Parking privé à usage public,"Centre Commercial Cora,51100 REIMS",51454,"[4.02371, 49.288753]",5,FR3R3E10000849631,,150,false,false,true,false,false,false,true,true,,"0,55€/kWh",Accès libre,false,24/7,Accessible mais non réservé PMR,,false,Direct,50025120822681,2023-03-03,,2023-11-22,false,2023-12-13T07:08:00.298000+00:00,655c7fb899abb26d52bcdfa0,142f6ac7-5cb4-4fac-b211-2c5d88a22d83,r3,2023-11-22T13:59:50.594000+00:00,4.02371,49.288753,51100,Reims,True,True
R3,902726488,info@r3-charge.fr,R3,exploitation@r3-charge.fr,321509292,R3,FR3R3P89333944,,R3 - Pizza del Arte Joué-les-Tours,Parking privé à usage public,9 Rue Gutenberg 37300 Joue les Tours,37122,"[0.647624, 47.348542]",5,FR3R3E10000849642,,150,false,false,true,false,false,false,true,true,,"0,55€/kWh",Accès libre,false,24/7,Accessible mais non réservé PMR,,false,Direct,50037131141346,2023-02-15,,2023-11-22,false,2023-12-13T07:08:00.298000+00:00,655c7fb899abb26d52bcdfa0,142f6ac7-5cb4-4fac-b211-2c5d88a22d83,r3,2023-11-22T13:59:50.594000+00:00,0.647624,47.348542,37300,Joué-lès-Tours,True,True
R3,902726488,info@r3-charge.fr,R3,exploitation@r3-charge.fr,321509292,R3,FR3R3P89363747,,R3 - Norauto Illzach,Parking privé à usage public,"Rue des 3 Frontières, 68110 Illzach",68154,"[7.388127, 47.771294]",5,FR3R3E10000849662,,150,false,false,true,false,false,false,true,true,,"0,55€/kWh",Accès libre,false,24/7,Accessible mais non réservé PMR,,false,Direct,50036986852495,2023-04-21,,2023-11-22,false,2023-12-13T07:08:00.298000+00:00,655c7fb899abb26d52bcdfa0,142f6ac7-5cb4-4fac-b211-2c5d88a22d83,r3,2023-11-22T13:59:50.594000+00:00,7.388127,47.771294,68110,Illzach,True,True
R3,902726488,info@r3-charge.fr,R3,exploitation@r3-charge.fr,321509292,R3,FR3R3P89363750,,R3 - Norauto Verdun Houdainville,Parking privé à usage public,"Bd de l'Europe, 55100 Haudainville",55236,"[5.409276, 49.141723]",5,FR3R3E10000849672,,150,false,false,true,false,false,false,true,true,,"0,55€/kWh",Accès libre,false,24/7,Accessible mais non réservé PMR,,false,Direct,50033224381069,2023-06-01,,2023-11-22,false,2023-12-13T07:08:00.298000+00:00,655c7fb899abb26d52bcdfa0,142f6ac7-5cb4-4fac-b211-2c5d88a22d83,r3,2023-11-22T13:59:50.594000+00:00,5.409276,49.141723,55100,Haudainville,True,True
R3,902726488,info@r3-charge.fr,R3,exploitation@r3-charge.fr,321509292,R3,FR3R3P89616641,,R3 - Petite Forêt,Parking privé à usage public,"401 Rue Michel Chasles, 59494 Petite-Forêt",59459,"[3.472424, 50.379911]",5,FR3R3E10000849682,,150,false,false,true,false,false,false,true,true,,"0,55€/kWh",Accès libre,false,Mo-Su 07:00-22:01,Accessible mais non réservé PMR,,false,Direct,50032642340481,2023-06-14,,2023-11-22,false,2023-12-13T07:08:00.298000+00:00,655c7fb899abb26d52bcdfa0,142f6ac7-5cb4-4fac-b211-2c5d88a22d83,r3,2023-11-22T13:59:50.594000+00:00,3.472424,50.379911,59494,Petite-Forêt,True,True
R3,902726488,info@r3-charge.fr,R3,exploitation@r3-charge.fr,321509292,R3,FR3R3P89629589,,R3 - Cucq,Parking privé à usage public,709 Av. François Godin Bis 62780 Cucq,62261,"[1.613217, 50.485562]",7,FR3R3E10000849692,,150,false,false,true,false,false,false,true,true,,"0,55€/kWh",Accès libre,false,24/7,Accessible mais non réservé PMR,,false,Direct,50010355644850,2023-07-05,,2023-11-22,false,2023-12-13T07:08:00.298000+00:00,655c7fb899abb26d52bcdfa0,142f6ac7-5cb4-4fac-b211-2c5d88a22d83,r3,2023-11-22T13:59:50.594000+00:00,1.613217,50.485562,62780,Cucq,True,True
R3,902726488,info@r3-charge.fr,R3,exploitation@r3-charge.fr,321509292,R3,FR3R3P89696185,,R3 - Eleclerc Chalons,Parking privé à usage public,"13-15 Av. Winston Churchill, 51000 Châlons-en-Champagne",51108,"[4.387247, 48.940905]",5,FR3R3E10000849722,,150,false,false,true,false,false,false,true,true,,"0,55€/kWh",Accès libre,false,24/7,Accessible mais non réservé PMR,,false,Direct,50045085825830,2023-10-13,,2023-11-22,false,2023-12-13T07:08:00.298000+00:00,655c7fb899abb26d52bcdfa0,142f6ac7-5cb4-4fac-b211-2c5d88a22d83,r3,2023-11-22T13:59:50.594000+00:00,4.387247,48.940905,51000,Châlons-en-Champagne,True,True
R3,902726488,info@r3-charge.fr,R3,exploitation@r3-charge.fr,321509292,R3,FR3R3P89879155,,R3 - eLeclerc Fagnières,Parking privé à usage public,"E Leclerc Route d'Epernay, 51510 Fagnières",51242,"[4.31556, 48.959454]",10,FR3R3E10000849742,,150,false,false,true,false,false,false,true,true,,"0,55€/kWh",Accès libre,false,24/7,Accessible mais non réservé PMR,,false,Direct,50099066645583,2023-11-13,,2023-11-22,false,2023-12-13T07:08:00.298000+00:00,655c7fb899abb26d52bcdfa0,142f6ac7-5cb4-4fac-b211-2c5d88a22d83,r3,2023-11-22T13:59:50.594000+00:00,4.31556,48.959454,51510,Fagnières,True,True
R3,902726488,info@r3-charge.fr,R3,exploitation@r3-charge.fr,321509292,R3,FR3R3P89882095,,R3 - Macarez,Parking privé à usage public,"34 b Rue Ernest Macarez, 59300 Valenciennes",59606,"[3.535728, 50.371434]",5,FR3R3E10000849752,,150,false,false,true,false,false,false,true,true,,"0,55€/kWh",Accès libre,false,24/7,Accessible mais non réservé PMR,,false,Direct,50051455122499,2023-08-28,,2023-11-22,false,2023-12-13T07:08:00.298000+00:00,655c7fb899abb26d52bcdfa0,142f6ac7-5cb4-4fac-b211-2c5d88a22d83,r3,2023-11-22T13:59:50.594000+00:00,3.535728,50.371434,59300,Valenciennes,True,True
R3,902726488,info@r3-charge.fr,R3,exploitation@r3-charge.fr,321509292,R3,FR3R3P89882104,,R3 - Marquette 1,Parking privé à usage public,"7 Rue des Moissons, 59520 Marquette-lez-Lille",59386,"[3.064579, 50.681305]",5,FR3R3E10000849782,,150,false,false,true,false,false,false,true,true,,"0,55€/kWh",Accès libre,false,24/7,Accessible mais non réservé PMR,,false,Direct,50043061481290,2023-10-19,,2023-11-22,false,2023-12-13T07:08:00.298000+00:00,655c7fb899abb26d52bcdfa0,142f6ac7-5cb4-4fac-b211-2c5d88a22d83,r3,2023-11-22T13:59:50.594000+00:00,3.064579,50.681305,59520,Marquette-lez-Lille,True,True
R3,902726488,info@r3-charge.fr,R3,exploitation@r3-charge.fr,321509292,R3,FR3R3P89629589,,R3 - Cucq,Parking privé à usage public,713 Av. François Godin Bis 62780 Cucq,62261,"[1.613217, 50.485562]",7,FR3R3E10000849851,,7,false,true,false,false,false,false,true,true,,"0,36€/kWh",Accès libre,false,24/7,Accessible mais non réservé PMR,,false,Direct,50010355644850,2023-07-05,,2023-11-22,false,2023-12-13T07:08:00.298000+00:00,655c7fb899abb26d52bcdfa0,142f6ac7-5cb4-4fac-b211-2c5d88a22d83,r3,2023-11-22T13:59:50.594000+00:00,1.613217,50.485562,62780,Cucq,True,True
R3,902726488,info@r3-charge.fr,R3,exploitation@r3-charge.fr,321509292,R3,FR3R3P89629589,,R3 - Cucq,Parking privé à usage public,714 Av. François Godin Bis 62780 Cucq,62261,"[1.613217, 50.485562]",7,FR3R3E10000849852,,7,false,true,false,false,false,false,true,true,,"0,36€/kWh",Accès libre,false,24/7,Accessible mais non réservé PMR,,false,Direct,50010355644850,2023-07-05,,2023-11-22,false,2023-12-13T07:08:00.298000+00:00,655c7fb899abb26d52bcdfa0,142f6ac7-5cb4-4fac-b211-2c5d88a22d83,r3,2023-11-22T13:59:50.594000+00:00,1.613217,50.485562,62780,Cucq,True,True
R3,902726488,info@r3-charge.fr,R3,exploitation@r3-charge.fr,321509292,R3,FR3R3P89882107,,R3 - Marquette 2,Parking privé à usage public,"30 Rue des Moissons, 59520 Marquette-lez-Lille",59386,"[3.065, 50.680929]",6,FR3R3E10000849882,,22,false,true,false,false,false,false,true,true,,"0,36€/kWh",Accès libre,false,24/7,Accessible mais non réservé PMR,,false,Direct,50016288684780,2023-10-19,,2023-11-22,false,2023-12-13T07:08:00.298000+00:00,655c7fb899abb26d52bcdfa0,142f6ac7-5cb4-4fac-b211-2c5d88a22d83,r3,2023-11-22T13:59:50.594000+00:00,3.065,50.680929,59520,Marquette-lez-Lille,True,True
R3,902726488,info@r3-charge.fr,R3,exploitation@r3-charge.fr,321509292,R3,FR3R3P89885401,,R3 - Avelin ,Parking privé à usage public,"47 Rue de Seclin, 59710 Avelin",59034,"[3.0767157194606995, 50.53833009599175]",13,FR3R3E10000849932,,22,false,true,false,false,false,false,true,true,,"0,36€/kWh",Accès libre,false,24/7,Accessible mais non réservé PMR,,false,Direct,50064479708473,2023-10-31,,2023-11-22,false,2023-12-13T07:08:00.298000+00:00,655c7fb899abb26d52bcdfa0,142f6ac7-5cb4-4fac-b211-2c5d88a22d83,r3,2023-11-22T13:59:50.594000+00:00,3.0767157194606995,50.53833009599175,59710,Avelin,True,True
R3,902726488,info@r3-charge.fr,R3,exploitation@r3-charge.fr,321509292,R3,FR3R3P89251522,,R3 - Norauto Fâches Thumesnil,Parking privé à usage public,Centre commercial Auchan Rue de l'égalité prolongée  59155 Faches Thumesnil,59220,"[3.08386, 50.58572]",5,FR3R3E10000850083,,22,false,true,false,false,false,false,true,true,,"0,55€/kWh",Accès libre,false,24/7,Accessible mais non réservé PMR,,false,Direct,50029756672465,2022-12-01,,2023-11-22,false,2023-12-13T07:08:00.298000+00:00,655c7fb899abb26d52bcdfa0,142f6ac7-5cb4-4fac-b211-2c5d88a22d83,r3,2023-11-22T13:59:50.594000+00:00,3.08386,50.58572,59155,Faches-Thumesnil,True,True
R3,902726488,info@r3-charge.fr,R3,exploitation@r3-charge.fr,321509292,R3,FR3R3P89258268,,R3 - Norauto Noyelles Godault,Parking privé à usage public,Avenue de la République 62950 Noyelles-Godault,62624,"[2.988355, 50.413551]",5,FR3R3E10000850123,,22,false,true,false,false,false,false,true,true,,"0,55€/kWh",Accès libre,false,24/7,Accessible mais non réservé PMR,,false,Direct,50022807040251,2023-01-11,,2023-11-22,false,2023-12-13T07:08:00.298000+00:00,655c7fb899abb26d52bcdfa0,142f6ac7-5cb4-4fac-b211-2c5d88a22d83,r3,2023-11-22T13:59:50.594000+00:00,2.988355,50.413551,62950,Noyelles-Godault,True,True
R3,902726488,info@r3-charge.fr,R3,exploitation@r3-charge.fr,321509292,R3,FR3R3P89258297,,R3 - Norauto Reims Cormontreuil,Parking privé à usage public,Rue des Blancs Monts 51350 Cormontreuil,51172,"[4.055979, 49.213929]",5,FR3R3E10000850133,,22,false,true,false,false,false,false,true,true,,"0,55€/kWh",Accès libre,false,24/7,Accessible mais non réservé PMR,,false,Direct,50067232997580,2022-11-22,,2023-11-22,false,2023-12-13T07:08:00.298000+00:00,655c7fb899abb26d52bcdfa0,142f6ac7-5cb4-4fac-b211-2c5d88a22d83,r3,2023-11-22T13:59:50.594000+00:00,4.055979,49.213929,51350,Cormontreuil,True,True
R3,902726488,info@r3-charge.fr,R3,exploitation@r3-charge.fr,321509292,R3,FR3R3P89258302,,R3 - Norauto Roncq,Parking privé à usage public,"324 Rue Henri Barbusse, 59223 Roncq",59508,"[3.133115, 50.740027]",5,FR3R3E10000850142,,50,false,false,false,true,false,false,true,true,,"0,55€/kWh",Accès libre,false,24/7,Accessible mais non réservé PMR,,false,Direct,50065498800757,2023-03-03,,2023-11-22,false,2023-12-13T07:08:00.298000+00:00,655c7fb899abb26d52bcdfa0,142f6ac7-5cb4-4fac-b211-2c5d88a22d83,r3,2023-11-22T13:59:50.594000+00:00,3.133115,50.740027,59223,Roncq,True,True
R3,902726488,info@r3-charge.fr,R3,exploitation@r3-charge.fr,321509292,R3,FR3R3P89258302,,R3 - Norauto Roncq,Parking privé à usage public,"324 Rue Henri Barbusse, 59223 Roncq",59508,"[3.133115, 50.740027]",5,FR3R3E10000850143,,22,false,true,false,false,false,false,true,true,,"0,55€/kWh",Accès libre,false,24/7,Accessible mais non réservé PMR,,false,Direct,50065498800757,2023-03-03,,2023-11-22,false,2023-12-13T07:08:00.298000+00:00,655c7fb899abb26d52bcdfa0,142f6ac7-5cb4-4fac-b211-2c5d88a22d83,r3,2023-11-22T13:59:50.594000+00:00,3.133115,50.740027,59223,Roncq,True,True
R3,902726488,info@r3-charge.fr,R3,exploitation@r3-charge.fr,321509292,R3,FR3R3P89258309,,R3 - Norauto Saint Martin Boulogne,Parking privé à usage public,N42  62222 Saint-Martin-Boulogne,62758,"[1.666764, 50.730562]",5,FR3R3E10000850153,,22,false,true,false,false,false,false,true,true,,"0,55€/kWh",Accès libre,false,24/7,Accessible mais non réservé PMR,,false,Direct,50059131209109,2022-11-24,,2023-11-22,false,2023-12-13T07:08:00.298000+00:00,655c7fb899abb26d52bcdfa0,142f6ac7-5cb4-4fac-b211-2c5d88a22d83,r3,2023-11-22T13:59:50.594000+00:00,1.666764,50.730562,62280,Saint-Martin-Boulogne,True,True
R3,902726488,info@r3-charge.fr,R3,exploitation@r3-charge.fr,321509292,R3,FR3R3P89283499,,R3 - Norauto Englos,Parking privé à usage public,"Les Geants, Centre Commercial Auchan Englos, 59320 Haubourdin",59286,"[2.965283, 50.63337]",5,FR3R3E10000850163,,22,false,true,false,false,false,false,true,true,,"0,55€/kWh",Accès libre,false,24/7,Accessible mais non réservé PMR,,false,Direct,50085180416134,2022-12-02,,2023-11-22,false,2023-12-13T07:08:00.298000+00:00,655c7fb899abb26d52bcdfa0,142f6ac7-5cb4-4fac-b211-2c5d88a22d83,r3,2023-11-22T13:59:50.594000+00:00,2.965283,50.63337,59320,Haubourdin,False,True
R3,902726488,info@r3-charge.fr,R3,exploitation@r3-charge.fr,321509292,R3,FR3R3P89283501,,R3 - Norauto Beauvais,Parking privé à usage public,Zac Saint Lazare Avenue Montaigne 60000 Beauvais,60057,"[2.11163, 49.4094]",5,FR3R3E10000850173,,22,false,true,false,false,false,false,true,true,,"0,55€/kWh",Accès libre,false,24/7,Accessible mais non réservé PMR,,false,Direct,50098638513895,2023-02-15,,2023-11-22,false,2023-12-13T07:08:00.298000+00:00,655c7fb899abb26d52bcdfa0,142f6ac7-5cb4-4fac-b211-2c5d88a22d83,r3,2023-11-22T13:59:50.594000+00:00,2.11163,49.4094,60000,Beauvais,True,True
R3,902726488,info@r3-charge.fr,R3,exploitation@r3-charge.fr,321509292,R3,FR3R3P89283510,,R3 - Norauto Petite Forêt,Parking privé à usage public,"Ccial Auchan, Rue Evariste Galois 59494 Petite-Forêt",59459,"[3.478509, 50.381036]",5,FR3R3E10000850193,,22,false,true,false,false,false,false,true,true,,"0,55€/kWh",Accès libre,false,24/7,Accessible mais non réservé PMR,,false,Direct,50060144246409,2022-12-02,,2023-11-22,false,2023-12-13T07:08:00.298000+00:00,655c7fb899abb26d52bcdfa0,142f6ac7-5cb4-4fac-b211-2c5d88a22d83,r3,2023-11-22T13:59:50.594000+00:00,3.478509,50.381036,59494,Petite-Forêt,True,True
R3,902726488,info@r3-charge.fr,R3,exploitation@r3-charge.fr,321509292,R3,FR3R3P89283514,,R3 - Norauto Arras,Parking privé à usage public,Route De St Pol 62000 arras,62041,"[2.702759, 50.308256]",5,FR3R3E10000850203,,22,false,true,false,false,false,false,true,true,,"0,55€/kWh",Accès libre,false,24/7,Accessible mais non réservé PMR,,false,Direct,50039160160941,2022-12-15,,2023-11-22,false,2023-12-13T07:08:00.298000+00:00,655c7fb899abb26d52bcdfa0,142f6ac7-5cb4-4fac-b211-2c5d88a22d83,r3,2023-11-22T13:59:50.594000+00:00,2.702759,50.308256,62000,Arras,False,True
R3,902726488,info@r3-charge.fr,R3,exploitation@r3-charge.fr,321509292,R3,FR3R3P89283515,,R3 - Norauto Leers,Parking privé à usage public,121 Av. de l'Europe 59115 Leers,59339,"[3.222288, 50.68201]",5,FR3R3E10000850213,,22,false,true,false,false,false,false,true,true,,"0,55€/kWh",Accès libre,false,24/7,Accessible mais non réservé PMR,,false,Direct,50091258569918,2022-12-02,,2023-11-22,false,2023-12-13T07:08:00.298000+00:00,655c7fb899abb26d52bcdfa0,142f6ac7-5cb4-4fac-b211-2c5d88a22d83,r3,2023-11-22T13:59:50.594000+00:00,3.222288,50.68201,59115,Leers,True,True
R3,902726488,info@r3-charge.fr,R3,exploitation@r3-charge.fr,321509292,R3,FR3R3P89283516,,R3 - Norauto Liévin,Parking privé à usage public,Rue Bernard Chochoy 62800 Liévin,62510,"[2.77271, 50.422518]",5,FR3R3E10000850223,,22,false,true,false,false,false,false,true,true,,"0,55€/kWh",Accès libre,false,24/7,Accessible mais non réservé PMR,,false,Direct,50050882306892,2022-12-15,,2023-11-22,false,2023-12-13T07:08:00.298000+00:00,655c7fb899abb26d52bcdfa0,142f6ac7-5cb4-4fac-b211-2c5d88a22d83,r3,2023-11-22T13:59:50.594000+00:00,2.77271,50.422518,62800,Liévin,True,True
R3,902726488,info@r3-charge.fr,R3,exploitation@r3-charge.fr,321509292,R3,FR3R3P89333935,,R3 - Norauto Berck,Parking privé à usage public,Centre Commercial Carrefour 62600 Berck,62108,"[1.602383, 50.405159]",5,FR3R3E10000850233,,22,false,true,false,false,false,false,true,true,,"0,55€/kWh",Accès libre,false,24/7,Accessible mais non réservé PMR,,false,Direct,50057539321267,2023-02-14,,2023-11-22,false,2023-12-13T07:08:00.298000+00:00,655c7fb899abb26d52bcdfa0,142f6ac7-5cb4-4fac-b211-2c5d88a22d83,r3,2023-11-22T13:59:50.594000+00:00,1.602383,50.405159,62600,Berck,True,True
R3,902726488,info@r3-charge.fr,R3,exploitation@r3-charge.fr,321509292,R3,FR3R3P89333939,,R3 - Norauto Reims Neuvilette,Parking privé à usage public,"Centre Commercial Cora,51100 REIMS",51454,"[4.02371, 49.288753]",5,FR3R3E10000850243,,22,false,true,false,false,false,false,true,true,,"0,55€/kWh",Accès libre,false,24/7,Accessible mais non réservé PMR,,false,Direct,50025120822681,2023-03-03,,2023-11-22,false,2023-12-13T07:08:00.298000+00:00,655c7fb899abb26d52bcdfa0,142f6ac7-5cb4-4fac-b211-2c5d88a22d83,r3,2023-11-22T13:59:50.594000+00:00,4.02371,49.288753,51100,Reims,True,True
R3,902726488,info@r3-charge.fr,R3,exploitation@r3-charge.fr,321509292,R3,FR3R3P89333942,,R3 - Norauto Besançon Ecole Valentin,Parking privé à usage public,"2 Chem. de l'Étang, 25480 École-Valentin",25212,"[5.993622, 47.283904]",3,FR3R3E10000850253,,22,false,true,false,false,false,false,true,true,,"0,55€/kWh",Accès libre,false,24/7,Accessible mais non réservé PMR,,false,Direct,50035976430174,2023-04-28,,2023-11-22,false,2023-12-13T07:08:00.298000+00:00,655c7fb899abb26d52bcdfa0,142f6ac7-5cb4-4fac-b211-2c5d88a22d83,r3,2023-11-22T13:59:50.594000+00:00,5.993622,47.283904,25480,École-Valentin,True,True
R3,902726488,info@r3-charge.fr,R3,exploitation@r3-charge.fr,321509292,R3,FR3R3P89333944,,R3 - Pizza del Arte Joué-les-Tours,Parking privé à usage public,9 Rue Gutenberg 37300 Joue les Tours,37122,"[0.647624, 47.348542]",5,FR3R3E10000850263,,22,false,true,false,false,false,false,true,true,,"0,55€/kWh",Accès libre,false,24/7,Accessible mais non réservé PMR,,false,Direct,50037131141346,2023-02-15,,2023-11-22,false,2023-12-13T07:08:00.298000+00:00,655c7fb899abb26d52bcdfa0,142f6ac7-5cb4-4fac-b211-2c5d88a22d83,r3,2023-11-22T13:59:50.594000+00:00,0.647624,47.348542,37300,Joué-lès-Tours,True,True
R3,902726488,info@r3-charge.fr,R3,exploitation@r3-charge.fr,321509292,R3,FR3R3P89363710,,R3 - Norauto Chenove,Parking privé à usage public,"1 Rue Bernard Lecache, 21300 Chenôve",21166,"[5.019881, 47.283199]",3,FR3R3E10000850273,,22,false,true,false,false,false,false,true,true,,"0,55€/kWh",Accès libre,false,24/7,Accessible mais non réservé PMR,,false,Direct,50014123431216,2023-02-22,,2023-11-22,false,2023-12-13T07:08:00.298000+00:00,655c7fb899abb26d52bcdfa0,142f6ac7-5cb4-4fac-b211-2c5d88a22d83,r3,2023-11-22T13:59:50.594000+00:00,5.019881,47.283199,21300,Chenôve,True,True
R3,902726488,info@r3-charge.fr,R3,exploitation@r3-charge.fr,321509292,R3,FR3R3P89363711,,R3 - Norauto Quetigny,Parking privé à usage public,"C Des Charrieres, Rue des Chalands Z A, 21800 Quetigny",21515,"[5.101673, 47.311365]",3,FR3R3E10000850283,,22,false,true,false,false,false,false,true,true,,"0,55€/kWh",Accès libre,false,24/7,Accessible mais non réservé PMR,,false,Direct,50051460622498,2023-02-22,,2023-11-22,false,2023-12-13T07:08:00.298000+00:00,655c7fb899abb26d52bcdfa0,142f6ac7-5cb4-4fac-b211-2c5d88a22d83,r3,2023-11-22T13:59:50.594000+00:00,5.101673,47.311365,21800,Quetigny,True,True
R3,902726488,info@r3-charge.fr,R3,exploitation@r3-charge.fr,321509292,R3,FR3R3P89363737,,R3 - Norauto Aulnoy les Valenciennes,Parking privé à usage public,"Rue Jules Mousseron, 59300 Aulnoy-Lez-Valenciennes",59032,"[3.511242, 50.333162]",3,FR3R3E10000850391,,150,false,false,true,false,false,false,true,true,,"0,55€/kWh",Accès libre,false,24/7,Accessible mais non réservé PMR,,false,Direct,50001676690816,2023-03-10,,2023-11-22,false,2023-12-13T07:08:00.298000+00:00,655c7fb899abb26d52bcdfa0,142f6ac7-5cb4-4fac-b211-2c5d88a22d83,r3,2023-11-22T13:59:50.594000+00:00,3.511242,50.333162,59300,Aulnoy-lez-Valenciennes,True,True
R3,902726488,info@r3-charge.fr,R3,exploitation@r3-charge.fr,321509292,R3,FR3R3P89363737,,R3 - Norauto Aulnoy les Valenciennes,Parking privé à usage public,"Rue Jules Mousseron, 59300 Aulnoy-Lez-Valenciennes",59032,"[3.511242, 50.333162]",3,FR3R3E10000850392,,150,false,false,true,false,false,false,true,true,,"0,55€/kWh",Accès libre,false,24/7,Accessible mais non réservé PMR,,false,Direct,50001676690816,2023-03-10,,2023-11-22,false,2023-12-13T07:08:00.298000+00:00,655c7fb899abb26d52bcdfa0,142f6ac7-5cb4-4fac-b211-2c5d88a22d83,r3,2023-11-22T13:59:50.594000+00:00,3.511242,50.333162,59300,Aulnoy-lez-Valenciennes,True,True
R3,902726488,info@r3-charge.fr,R3,exploitation@r3-charge.fr,321509292,R3,FR3R3P89363737,,R3 - Norauto Aulnoy les Valenciennes,Parking privé à usage public,"Rue Jules Mousseron, 59300 Aulnoy-Lez-Valenciennes",59032,"[3.511242, 50.333162]",3,FR3R3E10000850393,,22,false,true,false,false,false,false,true,true,,"0,55€/kWh",Accès libre,false,24/7,Accessible mais non réservé PMR,,false,Direct,50001676690816,2023-03-10,,2023-11-22,false,2023-12-13T07:08:00.298000+00:00,655c7fb899abb26d52bcdfa0,142f6ac7-5cb4-4fac-b211-2c5d88a22d83,r3,2023-11-22T13:59:50.594000+00:00,3.511242,50.333162,59300,Aulnoy-lez-Valenciennes,True,True
R3,902726488,info@r3-charge.fr,R3,exploitation@r3-charge.fr,321509292,R3,FR3R3P89363738,,R3 - Norauto Bethune,Parking privé à usage public,"5002F Rue Benjamin Moloise, 62400 Béthune",62119,"[2.629207, 50.524317]",3,FR3R3E10000850401,,100,false,false,true,false,false,false,true,true,,"0,55€/kWh",Accès libre,false,24/7,Accessible mais non réservé PMR,,false,Direct,50047408478228,2023-02-24,,2023-11-22,false,2023-12-13T07:08:00.298000+00:00,655c7fb899abb26d52bcdfa0,142f6ac7-5cb4-4fac-b211-2c5d88a22d83,r3,2023-11-22T13:59:50.594000+00:00,2.629207,50.524317,62400,Béthune,True,True
R3,902726488,info@r3-charge.fr,R3,exploitation@r3-charge.fr,321509292,R3,FR3R3P89696185,,R3 - Eleclerc Chalons,Parking privé à usage public,"13-15 Av. Winston Churchill, 51000 Châlons-en-Champagne",51108,"[4.387247, 48.940905]",5,FR3R3E10001361283,,22,false,true,false,false,false,false,true,true,,"0,55€/kWh",Accès libre,false,24/7,Accessible mais non réservé PMR,,false,Direct,50045085825830,2023-10-13,,2023-11-22,false,2023-12-13T07:08:00.298000+00:00,655c7fb899abb26d52bcdfa0,142f6ac7-5cb4-4fac-b211-2c5d88a22d83,r3,2023-11-22T13:59:50.594000+00:00,4.387247,48.940905,51000,Châlons-en-Champagne,True,True
ELECTRIC 55 CHARGING,832489801,contact@e55c.com,ELECTRIC 55 CHARGING,contact@e55c.com,33975891501,ELECTRIC 55 CHARGING,FR55CP92140,FR*55C*P92140*CLM*BECLERE,PLACE FERRARI - CLAMART,Voirie,PLACE FERRARI - CLAMART,92023,"[2.262841, 48.798985]",6,FR55CE921404878689922553311,FR*55C*E92140*48*786899*2*255331*1,7,FALSE,TRUE,FALSE,FALSE,FALSE,FALSE,TRUE,FALSE,FALSE,,Accès réservé,TRUE,24/7,Accessible mais non réservé PMR,15m²,FALSE,Direct,,2021-06-07,,2022-11-03,,2023-12-13T07:05:22.576000+00:00,53cdf714a3a7292987895b28,7a5acb37-32c9-48bf-a14f-cac23bb9aff0,plus-de-bornes,2023-08-21T10:10:50.570000+00:00,2.262841,48.798985,92140,Clamart,True,True
ELECTRIC 55 CHARGING,832489801,contact@e55c.com,ELECTRIC 55 CHARGING,contact@e55c.com,33975891501,ELECTRIC 55 CHARGING,FR55CP92380,FR*55C*P92380*GAR*RAYPOINCARE,BOULEVARD RAYMOND POINCARE - GARCHES,Voirie,BOULEVARD RAYMOND POINCARE - GARCHES,92033,"[2.170362, 48.83852]",6,FR55CE923804883886121703661,FR*55C*E92380*48*838861*2*170366*1,7,FALSE,TRUE,FALSE,FALSE,FALSE,FALSE,TRUE,FALSE,FALSE,,Accès réservé,TRUE,24/7,Accessible mais non réservé PMR,15m²,FALSE,Direct,,2021-06-07,,2022-11-03,,2023-12-13T07:05:22.576000+00:00,53cdf714a3a7292987895b28,7a5acb37-32c9-48bf-a14f-cac23bb9aff0,plus-de-bornes,2023-08-21T10:10:50.570000+00:00,2.170362,48.83852,92380,Garches,True,True
ELECTRIC 55 CHARGING,832489801,contact@e55c.com,ELECTRIC 55 CHARGING,contact@e55c.com,33975891501,ELECTRIC 55 CHARGING,FR55CP94340,FR*55C*P94340*JVL*MOZART,PLACE MOZART - JOINVILLE,Voirie,PLACE MOZART - JOINVILLE,94042,"[2.475489, 48.824539]",6,FR55CE943404882444624734461,FR*55C*E94340*48*824446*2*473446*1,7,FALSE,TRUE,FALSE,FALSE,FALSE,FALSE,TRUE,FALSE,FALSE,,Accès réservé,TRUE,24/7,Accessible mais non réservé PMR,15m²,FALSE,Direct,,2021-06-07,,2022-11-03,,2023-12-13T07:05:22.576000+00:00,53cdf714a3a7292987895b28,7a5acb37-32c9-48bf-a14f-cac23bb9aff0,plus-de-bornes,2023-08-21T10:10:50.570000+00:00,2.475489,48.824539,94340,Joinville-le-Pont,True,True
Rambouillet Territoires,200073344,support@alizecharge.fr,Bouygues E&S,support@alizecharge.fr,805021480,Rambouillet Territoires,FRA05P78517002,,RAMBOUILLET - Piscine,Voirie, Entrée du parking de la Piscine 78120 RAMBOUILLET,78517,"[1.8342724, 48.63547]",2,FRA05E785170021,,22,True,True,False,False,False,False,True,False,,,Accès libre,False,Mo-Su 00:00-23:59,Accessible mais non réservé PMR,xx,False,Direct,0,2023-04-24,,2023-12-05,,2023-12-12T13:45:01.429000+00:00,64c28634468d0d94dd98405e,f02e8ed6-1f99-4bee-b851-d3e4a32be6e7,alize-charge,2023-12-12T13:44:49.240000+00:00,1.8342724,48.63547,78120,Rambouillet,True,True
ADP Public,552016628,support@alizecharge.fr,Bouygues E&S,support@alizecharge.fr,805021480,ADP Groupe,FRADPP77291003,,CDG - Parking PCD - Niveau -2,Voirie, Parking PCD 77990 Le Mesnil-Amelot,77291,"[2.568567, 49.003583]",16,FRADPE7729100313,,3.5,True,True,False,False,False,False,True,False,,,Accès libre,False,Mo-Su 00:00-23:59,Accessible mais non réservé PMR,xx,False,Direct,0,2022-12-12,,2023-12-05,,2023-12-12T13:45:01.429000+00:00,64c28634468d0d94dd98405e,f02e8ed6-1f99-4bee-b851-d3e4a32be6e7,alize-charge,2023-12-12T13:44:49.240000+00:00,2.568567,49.003583,77990,Le Mesnil-Amelot,False,True
ADP Public,552016628,support@alizecharge.fr,Bouygues E&S,support@alizecharge.fr,805021480,ADP Groupe,FRADPP77294001,,CDG - BAT (Réservé exclusivement aux taxis parisiens),Voirie, Route Périphérique Sud  Base Arrière Taxi 77290 Mitry-Mory,77294,"[2.610949, 49.0076438]",10,FRADPE7729400121,,24,False,True,True,True,False,False,True,False,,,Accès libre,False,Mo-Su 00:00-23:59,Accessible mais non réservé PMR,xx,False,Direct,0,2022-12-19,,2023-12-05,,2023-12-12T13:45:01.429000+00:00,64c28634468d0d94dd98405e,f02e8ed6-1f99-4bee-b851-d3e4a32be6e7,alize-charge,2023-12-12T13:44:49.240000+00:00,2.610949,49.0076438,77290,Mitry-Mory,True,True
ADP Public,552016628,support@alizecharge.fr,Bouygues E&S,support@alizecharge.fr,805021480,ADP Groupe,FRADPP93073015,,CDG - Parking PAB - Niveau -2,Voirie, Terminal 2B 93290  Tremblay-en-France,93073,"[2.563847, 49.003333]",16,FRADPE9307301510,,3.5,True,True,False,False,False,False,True,False,,,Accès libre,False,Mo-Su 00:00-23:59,Accessible mais non réservé PMR,xx,False,Direct,0,2022-12-08,,2023-12-05,,2023-12-12T13:45:01.429000+00:00,64c28634468d0d94dd98405e,f02e8ed6-1f99-4bee-b851-d3e4a32be6e7,alize-charge,2023-12-12T13:44:49.240000+00:00,2.563847,49.003333,93290,Tremblay-en-France,True,True
ADP Public,552016628,support@alizecharge.fr,Bouygues E&S,support@alizecharge.fr,805021480,ADP Groupe,FRADPP93073015,,CDG - Parking PAB - Niveau -2,Voirie, Terminal 2B 93290  Tremblay-en-France,93073,"[2.563847, 49.003333]",16,FRADPE9307301511,,3.5,True,True,False,False,False,False,True,False,,,Accès libre,False,Mo-Su 00:00-23:59,Accessible mais non réservé PMR,xx,False,Direct,0,2022-12-08,,2023-12-05,,2023-12-12T13:45:01.429000+00:00,64c28634468d0d94dd98405e,f02e8ed6-1f99-4bee-b851-d3e4a32be6e7,alize-charge,2023-12-12T13:44:49.240000+00:00,2.563847,49.003333,93290,Tremblay-en-France,True,True
ADP Public,552016628,support@alizecharge.fr,Bouygues E&S,support@alizecharge.fr,805021480,ADP Groupe,FRADPP94054007,,ORY - Parking P18,Voirie,1 Rue du Fret 94390 Orly,94054,"[2.373179, 48.733256]",40,FRADPE9405400711,,3.5,True,True,False,False,False,False,True,False,,,Accès libre,False,Mo-Su 00:00-23:59,Accessible mais non réservé PMR,xx,False,Direct,0,2023-02-15,,2023-12-05,,2023-12-12T13:45:01.429000+00:00,64c28634468d0d94dd98405e,f02e8ed6-1f99-4bee-b851-d3e4a32be6e7,alize-charge,2023-12-12T13:44:49.240000+00:00,2.373179,48.733256,94310,Orly,True,True
ADP Public,552016628,support@alizecharge.fr,Bouygues E&S,support@alizecharge.fr,805021480,ADP Groupe,FRADPP94054007,,ORY - Parking P18,Voirie,1 Rue du Fret 94390 Orly,94054,"[2.373179, 48.733256]",40,FRADPE9405400712,,3.5,True,True,False,False,False,False,True,False,,,Accès libre,False,Mo-Su 00:00-23:59,Accessible mais non réservé PMR,xx,False,Direct,0,2023-02-15,,2023-12-05,,2023-12-12T13:45:01.429000+00:00,64c28634468d0d94dd98405e,f02e8ed6-1f99-4bee-b851-d3e4a32be6e7,alize-charge,2023-12-12T13:44:49.240000+00:00,2.373179,48.733256,94310,Orly,True,True
DRIVECO,,support@driveco.com,DRIVECO,support@driveco.com,,DRIVECO,FRAIRPAIRBUS313001,,Airbus Marignane (bornes à installer),Parking privé à usage public,"Airbus Helicopters, Aéroport International Marseille Provence, 13700 Marignane",13117,"[5.232713, 43.436945]",12,FRAIRE11707P2,,22.08,false,true,false,false,false,false,true,false,true,,Accès libre,false,24/7,Accessibilité inconnue,inconnu,false,Indirect,0,2023-12-04,"Telecharger l'application DRIVECO, votre copilote en electrique, sur www.driveco.com",2023-12-04,,2023-12-13T07:05:36.831000+00:00,5fd093b73438a6a99bdf3606,7dad919e-a2ae-481f-b5c0-e2e2e15eefbb,driveco,2023-12-04T14:42:10.133000+00:00,5.232713,43.436945,13127,Vitrolles,True,True
DRIVECO,,support@driveco.com,DRIVECO,support@driveco.com,,DRIVECO,FRAIRPAIRBUS3130015,,Airbus Marignane - Parking W4,Parking privé à usage public,"Airbus Helicopters, Aéroport International Marseille Provence, 13700 Marignane",13054,"[5.231021, 43.433481]",12,FRAIRE11708P1,,22.08,true,true,false,false,false,false,true,false,true,,Accès libre,false,24/7,Accessibilité inconnue,inconnu,false,Indirect,0,2023-06-26,"Telecharger l'application DRIVECO, votre copilote en electrique, sur www.driveco.com",2023-12-04,,2023-12-13T07:05:36.831000+00:00,5fd093b73438a6a99bdf3606,7dad919e-a2ae-481f-b5c0-e2e2e15eefbb,driveco,2023-12-04T14:42:10.133000+00:00,5.231021,43.433481,13700,Marignane,True,True
DRIVECO,,support@driveco.com,DRIVECO,support@driveco.com,,DRIVECO,FRAIRPAIRBUS3130014,,Airbus Marignane - Parking P2,Parking privé à usage public,"Airbus Helicopters, Aéroport International Marseille Provence, 13700 Marignane",13117,"[5.232089, 43.434066]",18,FRAIRE11735P1,,22.08,true,true,false,false,false,false,true,false,true,,Accès libre,false,24/7,Accessibilité inconnue,inconnu,false,Indirect,0,2023-04-20,"Telecharger l'application DRIVECO, votre copilote en electrique, sur www.driveco.com",2023-12-04,,2023-12-13T07:05:36.831000+00:00,5fd093b73438a6a99bdf3606,7dad919e-a2ae-481f-b5c0-e2e2e15eefbb,driveco,2023-12-04T14:42:10.133000+00:00,5.232089,43.434066,13127,Vitrolles,True,True
DRIVECO,,support@driveco.com,DRIVECO,support@driveco.com,,DRIVECO,FRAIRPAIRBUST041,,Airbus Marignane - parking T04,Parking privé à usage public,"Airbus Helicopters, Aéroport International Marseille Provence, 13700 Marignane",13054,"[5.232736, 43.430901]",2,FRAIRE11736P2,,22.08,false,true,false,false,false,false,true,false,true,,Accès libre,false,24/7,Accessibilité inconnue,inconnu,false,Indirect,0,2023-07-03,"Telecharger l'application DRIVECO, votre copilote en electrique, sur www.driveco.com",2023-12-04,,2023-12-13T07:05:36.831000+00:00,5fd093b73438a6a99bdf3606,7dad919e-a2ae-481f-b5c0-e2e2e15eefbb,driveco,2023-12-04T14:42:10.133000+00:00,5.232736,43.430901,13700,Marignane,True,True
Allego,842718512,fabien.lepeytre@allego.eu,Green To Wheel,info.allego.france@allego.eu,,CASINO AVIGNON,FRALLPCAS005,,CASINO AVIGNON,Parking privé à usage public,"162 Avenue Pierre Semard, 84000 AVIGNON",84007,"[4.83458514, 43.9278626]",10,FRALLEGO002093P2,,50,false,false,false,true,false,false,false,true,true,,Accès libre,false,24/7,Accessible mais non réservé PMR,inconnu,false,,50027002933394,2022-06-04,,2023-12-13,false,2023-12-14T00:00:17.145000+00:00,64060c2ac773dcf3fabbe5d2,b11113db-875d-41c7-8673-0cf8ad43e917,eco-movement,2023-06-28T11:46:08.539000+00:00,4.83458514,43.9278626,84000,Avignon,True,True
Allego,842718512,fabien.lepeytre@allego.eu,Green To Wheel,info.allego.france@allego.eu,,CASINO AVIGNON,FRALLPCAS005,,CASINO AVIGNON,Parking privé à usage public,"162 Avenue Pierre Semard, 84000 AVIGNON",84007,"[4.83458514, 43.9278626]",10,FRALLEGO002093P3,,50,false,false,true,false,false,false,false,true,true,,Accès libre,false,24/7,Accessible mais non réservé PMR,inconnu,false,,50027002933394,2022-06-04,,2023-12-13,false,2023-12-14T00:00:17.145000+00:00,64060c2ac773dcf3fabbe5d2,b11113db-875d-41c7-8673-0cf8ad43e917,eco-movement,2023-06-28T11:46:08.539000+00:00,4.83458514,43.9278626,84000,Avignon,True,True
Allego,842718512,fabien.lepeytre@allego.eu,Green To Wheel,info.allego.france@allego.eu,,CASINO MONTPELLIER,FRALLPCAS006,,CASINO MONTPELLIER,Parking privé à usage public,"504 Avenue du Mas d'Argelliers, 34000 MONTPELLIER",34172,"[3.889034, 43.58858]",16,FRALLEGO002128P2,,150,false,false,true,false,false,false,false,true,true,,Accès libre,false,24/7,Accessible mais non réservé PMR,inconnu,false,,50047412501261,2021-04-14,,2023-12-13,false,2023-12-14T00:00:17.145000+00:00,64060c2ac773dcf3fabbe5d2,b11113db-875d-41c7-8673-0cf8ad43e917,eco-movement,2023-06-28T11:46:08.539000+00:00,3.889034,43.58858,34000,Montpellier,True,True
Allego,842718512,fabien.lepeytre@allego.eu,Green To Wheel,info.allego.france@allego.eu,01 40 70 06 17,ALLEGO,FRSITE00000002,,CASINO AIX EN PROVENCE,Parking privé à usage public,Avenue de Bredasque13090 AIX EN PROVENCE,13001,"[5.4174520,43.5328830]",12,FRALLEGO8000592,,300,false,true,true,false,false,false,false,true,true,59 cts/kWh,Accès libre,false,24/7,Accessible mais non réservé PMR,,false,Direct,50073027658180,2023-07-17,,2023-10-16,,2023-12-13T07:07:59+00:00,65523e878c01a7be5d1a32d3,ca2130b1-8478-4671-96c4-c857cb843404,allego,2023-11-13T15:19:36.076000+00:00,5.417452,43.532883,13290,Aix-en-Provence,True,True
EV Cars,895163608,j.gadrat@evcars.fr,Allego,fabien.lepeytre@allego.eu,,Carrefour Energies,FRALLPEVCARSFLISS,,FLINS SUR SEINE,Parking privé à usage public,"D 14, 78238 Flins-sur-Seine",78238,"[1.86416, 48.96643]",11,FRALLEGO9001251,FRALLE78410EVCARS90012501,300,false,false,true,false,false,false,true,true,true,,Accès libre,false,24/7,Accessible mais non réservé PMR,inconnu,false,,50096317231450,2023-11-23,,2023-12-13,false,2023-12-14T00:00:17.145000+00:00,64060c2ac773dcf3fabbe5d2,b11113db-875d-41c7-8673-0cf8ad43e917,eco-movement,2023-06-28T11:46:08.539000+00:00,1.86416,48.96643,78410,Flins-sur-Seine,True,True
EV Cars,895163608,j.gadrat@evcars.fr,Allego,fabien.lepeytre@allego.eu,06 22 53 03 38,Carrefour Energies,FRALLPEVCARSFLISS,,FLINS SUR SEINE,Parking privé à usage public,"Carrefour Flins Sur Seine, D 14, 78410 Flins-sur-Seine",78238,"[1.86416, 48.96643]",10,FRALLEGO9001251,FRALLE78410EVCARS90012501,300,FALSE,FALSE,TRUE,FALSE,FALSE,FALSE,TRUE,TRUE,TRUE,HPC 59cts/Kwh ,Accès libre,FALSE,24/7,Accessible mais non réservé PMR,,FALSE,Direct,50096317231450,2023-09-08,,2023-12-08,FALSE,2023-12-13T07:02:48.538000+00:00,6573432d7c55e350a0ae7d5d,de920537-9493-4ecd-8b52-370b12a26fae,ev-cars,2023-12-08T16:24:13.479000+00:00,1.86416,48.96643,78410,Flins-sur-Seine,True,True
EV Cars,895163608,j.gadrat@evcars.fr,Allego,fabien.lepeytre@allego.eu,,Carrefour Energies,FRALLPEVCARSLIMAY,,LIMAY,Parking privé à usage public,"Rn190, 78335 Limay",78335,"[1.75386, 48.99042]",11,FRALLEGO9001532,FRALLE78520EVCARS90015302,300,false,false,true,false,false,false,true,true,true,,Accès libre,false,24/7,Accessible mais non réservé PMR,inconnu,false,,50066654566900,2023-09-23,,2023-12-13,false,2023-12-14T00:00:17.145000+00:00,64060c2ac773dcf3fabbe5d2,b11113db-875d-41c7-8673-0cf8ad43e917,eco-movement,2023-06-28T11:46:08.539000+00:00,1.75386,48.99042,78520,Limay,True,True
EV Cars,895163608,j.gadrat@evcars.fr,Allego,fabien.lepeytre@allego.eu,06 22 53 03 38,Carrefour Energies,FRALLPEVCARSSRTVL,,SARTROUVILLE,Parking privé à usage public,"Carrefour Sartrouville, Avenue Robert Schuman, Val Notre Dame, 78500 Sartrouville",78586,"[2.196199, 48.94682]",10,FRALLEGO9001551,FRALLE78500EVCARS90015501,300,FALSE,FALSE,TRUE,FALSE,FALSE,FALSE,TRUE,TRUE,TRUE,HPC 59cts/Kwh ,Accès libre,FALSE,24/7,Accessible mais non réservé PMR,,FALSE,Direct,50047118810430,2022-01-12,,2023-12-08,FALSE,2023-12-13T07:02:48.538000+00:00,6573432d7c55e350a0ae7d5d,de920537-9493-4ecd-8b52-370b12a26fae,ev-cars,2023-12-08T16:24:13.479000+00:00,2.196199,48.94682,78500,Sartrouville,True,True
EV Cars,895163608,j.gadrat@evcars.fr,Allego,fabien.lepeytre@allego.eu,06 22 53 03 38,Carrefour Energies,FRALLPEVCARSVLBAR,,VILLEURBANNE,Parking privé à usage public,"Carrefour Villeurbanne, 145 Avenue Anatole France, 69100 Villeurbanne",69266,"[4.883567, 45.768862]",8,FRALLEGO9001851,FRALLE69100EVCARS90018501,150,FALSE,FALSE,TRUE,FALSE,FALSE,FALSE,TRUE,TRUE,TRUE,HPC 49cts/Kwh ,Accès libre,FALSE,24/7,Réservé PMR,,FALSE,Direct,50053339848127,2022-12-26,,2023-12-08,FALSE,2023-12-13T07:02:48.538000+00:00,6573432d7c55e350a0ae7d5d,de920537-9493-4ecd-8b52-370b12a26fae,ev-cars,2023-12-08T16:24:13.479000+00:00,4.883567,45.768862,69100,Villeurbanne,True,True
EV Cars,895163608,j.gadrat@evcars.fr,Allego,fabien.lepeytre@allego.eu,06 22 53 03 38,Carrefour Energies,FRALLPEVCARSSARAN,,SARAN,Parking privé à usage public,"Carrefour Saran, 2601 Route Nationale 20, 45770 Saran",45302,"[1.888039, 47.960795]",8,FRALLEGO9001881,FRALLE45770EVCARS90018801,150,FALSE,FALSE,TRUE,FALSE,FALSE,FALSE,TRUE,TRUE,TRUE,HPC 49cts/Kwh ,Accès libre,FALSE,24/7,Réservé PMR,,FALSE,Direct,50052764827547,2023-02-01,,2023-12-08,FALSE,2023-12-13T07:02:48.538000+00:00,6573432d7c55e350a0ae7d5d,de920537-9493-4ecd-8b52-370b12a26fae,ev-cars,2023-12-08T16:24:13.479000+00:00,1.888039,47.960795,45770,Saran,True,True
EV Cars,895163608,j.gadrat@evcars.fr,Allego,fabien.lepeytre@allego.eu,,Carrefour Energies,FRALLPEVCARSATHIS,,ATHIS MONS,Parking privé à usage public,"180 Route Nationale 7, 91027 Athis-Mons",91027,"[2.37224, 48.71166]",11,FRALLEGO9001961,FRALLE91200EVCARS90019601,300,false,false,true,false,false,false,true,true,true,,Accès libre,false,24/7,Accessible mais non réservé PMR,inconnu,false,,50023964416486,2023-06-14,,2023-12-13,false,2023-12-14T00:00:17.145000+00:00,64060c2ac773dcf3fabbe5d2,b11113db-875d-41c7-8673-0cf8ad43e917,eco-movement,2023-06-28T11:46:08.539000+00:00,2.37224,48.71166,91200,Athis-Mons,True,True
EV Cars,895163608,j.gadrat@evcars.fr,Allego,fabien.lepeytre@allego.eu,06 22 53 03 38,Carrefour Energies,FRALLPEVCARSVNISX,,VENISSIEUX,Parking privé à usage public,"Carrefour Venissieux, 136 Boulevard Joliot Curie, 69200 Venissieux",69259,"[4.87724, 45.715753]",10,FRALLEGO9002132,FRALLE69200EVCARS90021302,300,FALSE,FALSE,TRUE,FALSE,FALSE,FALSE,TRUE,TRUE,TRUE,HPC 59cts/Kwh ,Accès libre,FALSE,24/7,Accessible mais non réservé PMR,,FALSE,Direct,50025265476500,2022-08-19,,2023-12-08,FALSE,2023-12-13T07:02:48.538000+00:00,6573432d7c55e350a0ae7d5d,de920537-9493-4ecd-8b52-370b12a26fae,ev-cars,2023-12-08T16:24:13.479000+00:00,4.87724,45.715753,69200,Vénissieux,True,True
EV Cars,895163608,j.gadrat@evcars.fr,Allego,fabien.lepeytre@allego.eu,,Carrefour Energies,FRALLPEVCARSVNISX,,VENISSIEUX,Parking privé à usage public,"136 Boulevard Joliot Curie, 69259 Venissieux",69259,"[4.87724, 45.715753]",11,FRALLEGO9002141,FRALLE69200EVCARS90021401,300,false,false,true,false,false,false,true,true,true,,Accès libre,false,24/7,Accessible mais non réservé PMR,inconnu,false,,50025265476500,2022-08-19,,2023-12-13,false,2023-12-14T00:00:17.145000+00:00,64060c2ac773dcf3fabbe5d2,b11113db-875d-41c7-8673-0cf8ad43e917,eco-movement,2023-06-28T11:46:08.539000+00:00,4.87724,45.715753,69200,Vénissieux,True,True
EV Cars,895163608,j.gadrat@evcars.fr,Allego,fabien.lepeytre@allego.eu,,Carrefour Energies,FRALLPEVCARSPLTCO,,PONTAULT COMBAULT,Parking privé à usage public,"Rn4, 77373 Pontault-Combault",77373,"[2.60999, 48.77611]",11,FRALLEGO9002281,FRALLE77340EVCARS90022801,300,false,false,true,false,false,false,true,true,true,,Accès libre,false,24/7,Accessible mais non réservé PMR,inconnu,false,,50083007952693,2022-12-21,,2023-12-13,false,2023-12-14T00:00:17.145000+00:00,64060c2ac773dcf3fabbe5d2,b11113db-875d-41c7-8673-0cf8ad43e917,eco-movement,2023-06-28T11:46:08.539000+00:00,2.60999,48.77611,77340,Pontault-Combault,True,True
EV Cars,895163608,j.gadrat@evcars.fr,Allego,fabien.lepeytre@allego.eu,06 22 53 03 38,Carrefour Energies,FRALLPEVCARSPLTCO,,PONTAULT COMBAULT,Parking privé à usage public,"Carrefour Pontault-Combault, Rn4, 77340 Pontault-Combault",77373,"[2.609986, 48.776112]",10,FRALLEGO9002281,FRALLE77340EVCARS90022801,300,FALSE,FALSE,TRUE,FALSE,FALSE,FALSE,TRUE,TRUE,TRUE,HPC 59cts/Kwh ,Accès libre,FALSE,24/7,Accessible mais non réservé PMR,,FALSE,Direct,50083007952693,2022-12-20,,2023-12-08,FALSE,2023-12-13T07:02:48.538000+00:00,6573432d7c55e350a0ae7d5d,de920537-9493-4ecd-8b52-370b12a26fae,ev-cars,2023-12-08T16:24:13.479000+00:00,2.609986,48.776112,77340,Pontault-Combault,True,True
EV Cars,895163608,j.gadrat@evcars.fr,Allego,fabien.lepeytre@allego.eu,,Carrefour Energies,FRALLPEVCARSPLTCO,,PONTAULT COMBAULT,Parking privé à usage public,"Rn4, 77373 Pontault-Combault",77373,"[2.60999, 48.77611]",11,FRALLEGO9002282,FRALLE77340EVCARS90022802,300,false,false,true,false,false,false,true,true,true,,Accès libre,false,24/7,Accessible mais non réservé PMR,inconnu,false,,50083007952693,2022-12-21,,2023-12-13,false,2023-12-14T00:00:17.145000+00:00,64060c2ac773dcf3fabbe5d2,b11113db-875d-41c7-8673-0cf8ad43e917,eco-movement,2023-06-28T11:46:08.539000+00:00,2.60999,48.77611,77340,Pontault-Combault,True,True
EV Cars,895163608,j.gadrat@evcars.fr,Allego,fabien.lepeytre@allego.eu,06 22 53 03 38,Carrefour Energies,FRALLPEVCARSMDVIL,,MONDEVILLE,Parking privé à usage public,"Carrefour Mondeville, Zac De L etoile  Cc Mondeville 2, 14120 Mondeville",14437,"[-0.294822, 49.165273]",10,FRALLEGO9002411,FRALLE14120EVCARS90024101,75,FALSE,FALSE,TRUE,FALSE,FALSE,FALSE,TRUE,TRUE,TRUE,HPC 49cts/Kwh ,Accès libre,FALSE,24/7,Accessible mais non réservé PMR,,FALSE,Direct,50041762731114,2023-01-28,,2023-12-08,FALSE,2023-12-13T07:02:48.538000+00:00,6573432d7c55e350a0ae7d5d,de920537-9493-4ecd-8b52-370b12a26fae,ev-cars,2023-12-08T16:24:13.479000+00:00,-0.294822,49.165273,14120,Mondeville,True,True
EV Cars,895163608,j.gadrat@evcars.fr,Allego,fabien.lepeytre@allego.eu,,Carrefour Energies,FRALLPEVCARSMDVIL,,MONDEVILLE,Parking privé à usage public,"Zac De L etoile Cc Mondeville 2, 14437 Mondeville",14437,"[-0.294822, 49.165273]",11,FRALLEGO9002412,FRALLE14120EVCARS90024102,0,false,false,false,true,false,false,true,true,true,,Accès libre,false,24/7,Accessible mais non réservé PMR,inconnu,false,,50041762731114,2022-12-22,,2023-12-13,false,2023-12-14T00:00:17.145000+00:00,64060c2ac773dcf3fabbe5d2,b11113db-875d-41c7-8673-0cf8ad43e917,eco-movement,2023-06-28T11:46:08.539000+00:00,-0.294822,49.165273,14120,Mondeville,True,True
